code,mot_cle,nature,drapeau,table_mots_cles,repartition_brute,routine,carnet_exec,accord_carnet
00,RESERVED,aucune entree,0,F564D,000000,,F5960,non
0B,BTEXT$,instruction et fonction,C,F533E,CFA28C,FA28C / FA28F,FA28C,oui
0C,BDATA$,instruction et fonction,C,F5346,CFA2BD,FA2BD / FA2C0,FA2BD,oui
0D,MEM$,instruction et fonction,C,F554F,CFA35E,FA35E / FA361,FA35E,oui
10,RUN,instruction,8,F55E7,8FD00F,FD00F,FD00F,oui
11,NEW,instruction,8,F5573,8FA0AB,FA0AB,FA0AB,oui
12,CONT,instruction,8,F534F,8FD04E,FD04E,FD04E,oui
13,PASS,instruction,8,F55A8,8F8786,F8786,F8786,oui
14,LIST,instruction,8,F54E1,8F9E5F,F9E5F,F9E5F,oui
15,LLIST,instruction,8,F54E7,8FCB53,FCB53,FCB53,oui
16,CLOAD,instruction,8,F5365,8FE05F,FE05F,FE05F,oui
17,MERGE,instruction,8,F5555,8EC313,EC313,EC313,oui
18,LOAD,instruction,8,F5511,8EC325,EC325,EC325,oui
19,RENUM,instruction,8,F5628,8F8B91,F8B91,F8B91,oui
1A,AUTO,instruction,8,F5316,8F8887,F8887,F8887,oui
1B,DELETE,instruction,8,F53F0,8F8A7B,F8A7B,F8A7B,oui
1C,FILES,instruction,8,F5451,8F8207,F8207,F8207,oui
1D,INIT,instruction,8,F54CD,8DFC87,DFC87,DFC87,oui
20,CSAVE,instruction,8,F536C,8FDF76,FDF76,FDF76,oui
21,OPEN,instruction et fonction,C,F5587,CFE209,FE209 / FE20C,FE209,oui
22,CLOSE,instruction,8,F537E,8FE67F,FE67F,FE67F,oui
23,SAVE,instruction,8,F567B,8FD8E6,FD8E6,FD8E6,oui
24,CONSOLE,instruction,8,F5355,8FE891,FE891,FE891,oui
25,RANDOMIZE,instruction,8,F5608,8EE439,EE439,EE439,oui
26,DEGREE,instruction,8,F53D2,8ECF36,ECF36,ECF36,oui
27,RADIAN,instruction,8,F561B,8ECF5E,ECF5E,ECF5E,oui
28,GRAD,instruction,8,F5482,8ECF4A,ECF4A,ECF4A,oui
29,BEEP,instruction,8,F5331,8F7982,F7982,F7982,oui
2A,WAIT,instruction,8,F56DE,8FC6A9,FC6A9,FC6A9,oui
2B,GOTO,instruction,8,F5464,8FCDA3,FCDA3,FCDA3,oui
2C,TRON,instruction,8,F56B2,8F877C,F877C,F877C,oui
2D,TROFF,instruction,8,F56B8,8F8781,F8781,F8781,oui
2E,CLEAR,instruction,8,F535E,8FB458,FB458,FB458,oui
2F,USING,instruction,8,F56C9,8FC519,FC519,FC519,oui
30,DIM,instruction,8,F53CD,8FB742,FB742,FB742,oui
31,CALL,instruction,8,F5385,8F9EBB,F9EBB,F9EBB,oui
32,POKE,instruction,8,F55B8,8F9EF2,F9EF2,F9EF2,oui
33,GPRINT,instruction,8,F5471,8FD350,FD350,FD350,oui
34,PSET,instruction,8,F55C5,8FD2D6,FD2D6,FD2D6,oui
35,PRESET,instruction,8,F55CB,8FD2F7,FD2F7,FD2F7,oui
36,BASIC,instruction,8,F5337,8F89A8,F89A8,F89A8,oui
37,TEXT,instruction,8,F56AC,8F8A28,F8A28,F8A28,oui
3A,ERASE,instruction,8,F5427,8FB530,FB530,FB530,oui
3B,LFILES,instruction,8,F552E,8F820B,F820B,F820B,oui
3C,KILL,instruction,8,F54D5,8FDB05,FDB05,FDB05,oui
3D,COPY,instruction,8,F5397,8FF02E,FF02E,FF02E,oui
3E,NAME,instruction,8,F5568,8FDB9D,FDB9D,FDB9D,oui
3F,SET,instruction,8,F5687,8FDCAD,FDCAD,FDCAD,oui
40,LTEXT,instruction,8,F5536,8E668B,E668B,E668B,oui
41,GRAPH,instruction,8,F5488,8E66A4,E66A4,E66A4,oui
42,LF,instruction,8,F553D,8E66B3,E66B3,E66B3,oui
43,CSIZE,instruction,8,F539D,8E672B,E672B,E672B,oui
44,COLOR,instruction,8,F53A4,8E67F1,E67F1,E67F1,oui
46,DEFDBL,instruction,8,F53F8,8F88E9,F88E9,F88E9,oui
47,DEFSNG,instruction,8,F5400,8F88ED,F88ED,F88ED,oui
4D,ENDIF,instruction,8,F56F8,830FE0,30FE0,30FE0,oui
4E,REPEAT,instruction,8,F5657,83114F,3114F,3114F,oui
4F,UNTIL,instruction,8,F56D0,831165,31165,31165,oui
50,CLS,instruction,8,F538B,8FC632,FC632,FC632,oui
51,LOCATE,instruction,8,F54F6,8FC64F,FC64F,FC64F,oui
52,TO,instruction,8,F56BF,8F5960,F5960,F5960,oui
53,STEP,instruction,8,F5681,8F5960,F5960,F5960,oui
54,THEN,instruction,8,F56A1,8F5960,F5960,F5960,oui
55,ON,instruction,8,F5583,8FCE8B,FCE8B,FCE8B,oui
56,IF,instruction,8,F54BC,830E39,30E39,30E39,oui
57,FOR,instruction,8,F544C,8FD0B8,FD0B8,FD0B8,oui
58,LET,instruction,8,F551D,8FB16F,FB16F,FB16F,oui
59,REM,instruction,8,F5623,8F9F9B,F9F9B,F9F9B,oui
5A,END,instruction,8,F5418,8FD08B,FD08B,FD08B,oui
5B,NEXT,instruction,8,F5562,8FD23D,FD23D,FD23D,oui
5C,STOP,instruction,8,F5660,8FD07C,FD07C,FD07C,oui
5D,READ,instruction,8,F55F4,8FCA07,FCA07,FCA07,oui
5E,DATA,instruction,8,F53E4,8FD00A,FD00A,FD00A,oui
5F,PAUSE,instruction,8,F55D3,8FB897,FB897,FB897,oui
60,PRINT,instruction,8,F55A1,8FB900,FB900,FB900,oui
61,INPUT,instruction et fonction,C,F54B5,CF52D1,F52D1 / F52D4,F52D1,oui
62,GOSUB,instruction,8,F546A,8FCE2A,FCE2A,FCE2A,oui
64,LPRINT,instruction,8,F54EE,8FB8C6,FB8C6,FB8C6,oui
65,RETURN,instruction,8,F55EC,8FCFA0,FCFA0,FCFA0,oui
66,RESTORE,instruction,8,F55FA,8FCB27,FCB27,FCB27,oui
67,CHAIN,instruction,8,F5390,8EC31B,EC31B,EC31B,oui
68,GCURSOR,instruction,8,F5479,8FD312,FD312,FD312,oui
69,LINE,instruction,8,F5517,8FD40A,FD40A,FD40A,oui
6A,LLINE,instruction,8,F5541,8E692C,E692C,E692C,oui
6B,RLINE,instruction,8,F562F,8E6C05,E6C05,E6C05,oui
6C,GLCURSOR,instruction,8,F548F,8E6831,E6831,E6831,oui
6D,SORGN,instruction,8,F568C,8E68A0,E68A0,E68A0,oui
6E,CROTATE,instruction,8,F53AB,8E68B3,E68B3,E68B3,oui
6F,CIRCLE,instruction,8,F53B4,8E6CB9,E6CB9,E6CB9,oui
70,PAINT,instruction,8,F55DA,8E6FCC,E6FCC,E6FCC,oui
71,OUTPUT,instruction,8,F5591,8F5960,F5960,F5960,oui
72,APPEND,instruction,8,F52FA,8F5960,F5960,F5960,oui
73,AS,instruction,8,F5302,8F5960,F5960,F5960,oui
74,ARUN,instruction,8,F5306,8FD00A,FD00A,FD00A,oui
75,AUTOGOTO,instruction,8,F530C,8FD00A,FD00A,FD00A,oui
76,ELSE,instruction,8,F543F,830F83,30F83,30F83,oui
77,RESUME,instruction,8,F5645,8FD1CB,FD1CB,FD1CB,oui
78,ERROR,instruction,8,F5438,8F5964,F5964,F5964,oui
79,KEY,instruction et fonction,C,F54DB,CFA8C8,FA8C8 / FA8CB,FA8C8,oui
7A,WHILE,instruction,8,F56E4,830FF4,30FF4,30FF4,oui
7B,WEND,instruction,8,F56EB,831081,31081,31081,oui
7C,SWITCH,instruction,8,F5698,8311A9,311A9,311A9,oui
7D,CASE,instruction,8,F53C6,8313AB,313AB,313AB,oui
7E,DEFAULT,instruction,8,F5408,8313D5,313D5,313D5,oui
7F,ENDSWITCH,instruction,8,F56FF,83144A,3144A,3144A,oui
80,MDF,fonction,4,F555C,4EED18,EED1B,EED1B,oui
81,REC,fonction,4,F5640,4EE6BC,EE6BF,EE6BF,oui
82,POL,fonction,4,F55E1,4EE6CA,EE6CD,EE6CD,oui
83,ROT,fonction,4,F5636,4EDB0A,EDB0D,EDB0D,oui
84,DECI,fonction,4,F5411,4EEAEB,EEAEE,EEAEE,oui
85,HEX,fonction,4,F54A0,4EEAFB,EEAFE,EEAFE,oui
86,TEN,fonction,4,F56C3,4ED69F,ED6A2,ED6A2,oui
87,RCP,fonction,4,F563B,4ECBE0,ECBE3,ECBE3,oui
88,SQU,fonction,4,F5693,4ECBC7,ECBCA,ECBCA,oui
89,CUR,fonction,4,F53C1,4EDFE3,EDFE6,EDFE6,oui
8A,HSN,fonction,4,F54A5,4EE03C,EE03F,EE03F,oui
8B,HCS,fonction,4,F54AA,4EE045,EE048,EE048,oui
8C,HTN,fonction,4,F54AF,4EE04E,EE051,EE051,oui
8D,AHS,fonction,4,F531C,4EE057,EE05A,EE05A,oui
8E,AHC,fonction,4,F5321,4EE060,EE063,EE063,oui
8F,AHT,fonction,4,F5326,4EE069,EE06C,EE06C,oui
90,FACT,fonction,4,F545D,4EE35C,EE35F,EE35F,oui
91,LN,fonction,4,F550D,4EDAEC,EDAEF,EDAEF,oui
92,LOG,fonction,4,F54FE,4EDAF5,EDAF8,EDAF8,oui
93,EXP,fonction,4,F541D,4ED6A8,ED6AB,ED6AB,oui
94,SQR,fonction,4,F5666,4ECDFC,ECDFF,ECDFF,oui
95,SIN,fonction,4,F566B,4ECF6A,ECF6D,ECF6D,oui
96,COS,fonction,4,F5373,4ECF73,ECF76,ECF76,oui
97,TAN,fonction,4,F56A7,4ECF7C,ECF7F,ECF7F,oui
98,INT,fonction,4,F54C0,4EE4CD,EE4D0,EE4D0,oui
99,ABS,fonction,4,F52E6,4EE4C4,EE4C7,EE4C7,oui
9A,SGN,fonction,4,F5670,4EE84C,EE84F,EE84F,oui
9B,DEG,fonction,4,F53DA,4EE879,EE87C,EE87C,oui
9C,DMS,fonction,4,F53DF,4EE882,EE885,EE885,oui
9D,ASN,fonction,4,F52F0,4ED3F5,ED3F8,ED3F8,oui
9E,ACS,fonction,4,F52F5,4ED3FE,ED401,ED401,oui
9F,ATN,fonction,4,F52EB,4ED407,ED40A,ED40A,oui
A0,RND,fonction,4,F5603,4EE9F6,EE9F9,EE9F9,oui
A1,AND,fonction,4,F52E1,4EF2B6,EF2B9,EF2B9,oui
A2,OR,fonction,4,F558D,4EF2B6,EF2B9,EF2B9,oui
A3,NOT,fonction,4,F556E,4EE48D,EE490,EE490,oui
A4,PEEK,fonction,4,F55B2,4F9F41,F9F44,F9F44,oui
A5,XOR,fonction,4,F56F2,4EF2B6,EF2B9,EF2B9,oui
A7,EVAL,fonction,4,F5445,4EEF52,EEF55,EEF55,oui
AD,POINT,fonction,4,F55BE,4FD31F,FD322,FD322,oui
AE,PI,fonction,4,F55AE,4EEC71,EEC74,EEC74,oui
AF,FRE,fonction,4,F5458,4FA069,FA06C,FA06C,oui
B0,EOF,fonction,4,F5422,4FDF43,FDF46,FDF46,oui
B1,DSKF,fonction,4,F53EA,4FDD96,FDD99,FDD99,oui
B2,LOF,fonction,4,F5503,4FDF14,FDF17,FDF17,oui
B3,LOC,fonction,4,F5508,4FDE7B,FDE7E,FDE7E,oui
B6,NCR,fonction,4,F5578,4EE4F2,EE4F5,EE4F5,oui
B7,NPR,fonction,4,F557D,4EE4FB,EE4FE,EE4FE,oui
BE,AER,fonction,4,F532B,4EEE47,EEE4A,EEE4A,oui
BF,CUB,fonction,4,F53BC,4EE020,EE023,EE023,oui
C0,ERN,fonction,4,F5433,4F9F89,F9F8C,F9F8C,oui
C1,ERL,fonction,4,F542E,4F9F74,F9F77,F9F77,oui
D0,ASC,fonction,4,F52DC,4FD688,FD68B,FD68B,oui
D1,VAL,fonction,4,F56D8,4EECC0,EECC3,EECC3,oui
D2,LEN,fonction,4,F5522,4EECA5,EECA8,EECA8,oui
E8,OPEN$,aucune entree,0,F5599,000000,,F5960,non
E9,INKEY$,fonction,4,F54C5,4F9F9E,F9FA1,F9FA1,oui
EA,MID$,fonction,4,F5549,4FD757,FD75A,FD75A,oui
EB,LEFT$,fonction,4,F5527,4FD744,FD747,FD747,oui
EC,RIGHT$,fonction,4,F5613,4FD703,FD706,FD706,oui
F0,CHR$,fonction,4,F5378,4FD6BA,FD6BD,FD6BD,oui
F1,STR$,fonction,4,F5675,4FD6CA,FD6CD,FD6CD,oui
F2,HEX$,fonction,4,F549A,4FD7F4,FD7F7,FD7F7,oui
